-- phpMyAdmin SQL Dump
-- version 4.9.7
-- https://www.phpmyadmin.net/
--
-- Anamakine: localhost:3306
-- Üretim Zamanı: 30 Eyl 2022, 20:59:11
-- Sunucu sürümü: 10.3.36-MariaDB-cll-lve
-- PHP Sürümü: 7.4.30

SET SQL_MODE = "NO_AUTO_VALUE_ON_ZERO";
SET AUTOCOMMIT = 0;
START TRANSACTION;
SET time_zone = "+00:00";


/*!40101 SET @OLD_CHARACTER_SET_CLIENT=@@CHARACTER_SET_CLIENT */;
/*!40101 SET @OLD_CHARACTER_SET_RESULTS=@@CHARACTER_SET_RESULTS */;
/*!40101 SET @OLD_COLLATION_CONNECTION=@@COLLATION_CONNECTION */;
/*!40101 SET NAMES utf8mb4 */;

--
-- Veritabanı: `u0521406_tatakip`
--

-- --------------------------------------------------------

--
-- Tablo için tablo yapısı `carsi`
--

CREATE TABLE `carsi` (
  `id` int(255) NOT NULL,
  `ogrenci_no` int(255) NOT NULL,
  `tarih` date NOT NULL,
  `program_adi` varchar(255) COLLATE utf8_turkish_ci NOT NULL,
  `tur_id` int(255) NOT NULL DEFAULT 3
) ENGINE=InnoDB DEFAULT CHARSET=utf8 COLLATE=utf8_turkish_ci;

--
-- Tablo döküm verisi `carsi`
--

INSERT INTO `carsi` (`id`, `ogrenci_no`, `tarih`, `program_adi`, `tur_id`) VALUES
(69, 1, '2022-09-09', 'Müzakere-1', 3),
(70, 2, '2022-09-09', 'Müzakere-1', 3),
(71, 3, '2022-09-09', 'Müzakere-1', 3),
(72, 4, '2022-09-09', 'Müzakere-1', 3),
(73, 11, '2022-09-09', 'Müzakere-1', 3),
(74, 2, '2022-09-10', 'Rabıta', 3),
(75, 3, '2022-09-10', 'Rabıta', 3),
(76, 4, '2022-09-10', 'Rabıta', 3),
(77, 6, '2022-09-10', 'Rabıta', 3),
(78, 11, '2022-09-10', 'Rabıta', 3),
(79, 98, '2022-09-10', 'Rabıta', 3),
(80, 2, '2022-09-10', 'Sabah Namazı', 3),
(81, 3, '2022-09-10', 'Sabah Namazı', 3),
(82, 4, '2022-09-10', 'Sabah Namazı', 3),
(83, 6, '2022-09-10', 'Sabah Namazı', 3),
(84, 11, '2022-09-10', 'Sabah Namazı', 3),
(85, 98, '2022-09-10', 'Sabah Namazı', 3),
(86, 98, '2022-09-10', 'Usul-1', 3),
(87, 98, '2022-09-11', 'Rabıta', 3),
(88, 98, '2022-09-12', 'Sabah Namazı', 3),
(89, 98, '2022-09-12', 'Kıraat Dersi', 3),
(90, 98, '2022-09-13', 'Kıraat Dersi', 3),
(91, 98, '2022-09-13', 'Rabıta', 3),
(92, 98, '2022-09-14', 'Sabah Namazı', 3),
(93, 47, '2022-09-20', 'Mecelle', 3),
(94, 47, '2022-09-20', 'Usul-2', 3),
(95, 47, '2022-09-20', 'Kıraat Dersi', 3),
(96, 47, '2022-09-20', 'Yatsı Namazı', 3),
(97, 47, '2022-09-21', 'Rabıta', 3),
(98, 5, '2022-09-21', 'Usul-1', 3),
(99, 5, '2022-09-21', 'Mecelle', 3),
(100, 5, '2022-09-21', 'Usul-2', 3),
(101, 5, '2022-09-21', 'Şemsiye', 3),
(102, 5, '2022-09-21', 'Yatsı Namazı', 3),
(103, 2, '2022-09-22', 'Sabah Namazı', 3),
(104, 26, '2022-09-22', 'Sabah Namazı', 3),
(105, 89, '2022-09-22', 'Sabah Namazı', 3),
(106, 2, '2022-09-22', 'Usul-1', 3),
(107, 26, '2022-09-22', 'Usul-1', 3),
(108, 30, '2022-09-22', 'Usul-1', 3),
(109, 31, '2022-09-22', 'Usul-1', 3),
(110, 89, '2022-09-22', 'Usul-1', 3),
(111, 2, '2022-09-22', 'Mecelle', 3),
(112, 26, '2022-09-22', 'Mecelle', 3),
(113, 30, '2022-09-22', 'Mecelle', 3),
(114, 31, '2022-09-22', 'Mecelle', 3),
(115, 89, '2022-09-22', 'Mecelle', 3),
(116, 2, '2022-09-22', 'Usul-2', 3),
(117, 26, '2022-09-22', 'Usul-2', 3),
(118, 30, '2022-09-22', 'Usul-2', 3),
(119, 31, '2022-09-22', 'Usul-2', 3),
(120, 89, '2022-09-22', 'Usul-2', 3),
(121, 2, '2022-09-22', 'Kıraat Dersi', 3),
(122, 26, '2022-09-22', 'Kıraat Dersi', 3),
(123, 30, '2022-09-22', 'Kıraat Dersi', 3),
(124, 31, '2022-09-22', 'Kıraat Dersi', 3),
(125, 89, '2022-09-22', 'Kıraat Dersi', 3),
(126, 2, '2022-09-22', 'Şemsiye', 3),
(127, 26, '2022-09-22', 'Şemsiye', 3),
(128, 30, '2022-09-22', 'Şemsiye', 3),
(129, 31, '2022-09-22', 'Şemsiye', 3),
(130, 89, '2022-09-22', 'Şemsiye', 3),
(131, 25, '2022-09-24', 'Şemsiye', 3),
(132, 26, '2022-09-24', 'Şemsiye', 3),
(133, 25, '2022-09-24', 'Kıraat Dersi', 3),
(134, 26, '2022-09-24', 'Kıraat Dersi', 3),
(135, 25, '2022-09-25', 'Rabıta', 3),
(136, 26, '2022-09-25', 'Rabıta', 3),
(137, 25, '2022-09-25', 'Sabah Namazı', 3),
(138, 26, '2022-09-25', 'Sabah Namazı', 3),
(139, 26, '2022-09-26', 'Rabıta', 3),
(140, 26, '2022-09-26', 'Sabah Namazı', 3),
(141, 26, '2022-09-28', 'Rabıta', 3),
(142, 26, '2022-09-28', 'Sabah Namazı', 3),
(143, 3, '2022-09-28', 'Mecelle', 3),
(144, 5, '2022-09-28', 'Mecelle', 3),
(145, 26, '2022-09-28', 'Mecelle', 3),
(146, 29, '2022-09-28', 'Mecelle', 3),
(147, 34, '2022-09-28', 'Mecelle', 3),
(148, 83, '2022-09-28', 'Mecelle', 3);

-- --------------------------------------------------------

--
-- Tablo için tablo yapısı `geckalan`
--

CREATE TABLE `geckalan` (
  `id` int(255) NOT NULL,
  `ogrenci_no` int(255) NOT NULL,
  `ad` varchar(255) COLLATE utf8_turkish_ci NOT NULL,
  `soyad` varchar(255) COLLATE utf8_turkish_ci NOT NULL,
  `tarih` date NOT NULL,
  `sure` int(255) NOT NULL,
  `program_adi` varchar(255) COLLATE utf8_turkish_ci NOT NULL,
  `tur_id` int(255) NOT NULL DEFAULT 0
) ENGINE=InnoDB DEFAULT CHARSET=utf8 COLLATE=utf8_turkish_ci;

--
-- Tablo döküm verisi `geckalan`
--

INSERT INTO `geckalan` (`id`, `ogrenci_no`, `ad`, `soyad`, `tarih`, `sure`, `program_adi`, `tur_id`) VALUES
(2509, 23, 'Alican', 'Yeşil', '2022-09-08', 30, 'Şemsiye', 0),
(2510, 32, 'Doğukan', 'Duymaz', '2022-09-08', 18, 'Mecelle', 0),
(2511, 99, 'Yunus', 'Demirel', '2022-09-08', 18, 'Mecelle', 0),
(2512, 41, 'Furkan', 'Aktunç', '2022-09-09', 1, 'Rabıta', 0),
(2513, 12, 'Ahmet', 'Duman', '2022-09-09', 4, 'Rabıta', 0),
(2514, 32, 'Doğukan', 'Duymaz', '2022-09-09', 6, 'Rabıta', 0),
(2515, 9, 'Abdulbaki', 'Yıldırım', '2022-09-09', 6, 'Rabıta', 0),
(2516, 26, 'Azad', 'Aksın', '2022-09-09', 7, 'Rabıta', 0),
(2517, 16, 'Ahmet Tunahan', 'Dinler', '2022-09-09', 14, 'Rabıta', 0),
(2518, 74, 'Mücahit', 'Yoldaş', '2022-09-09', 15, 'Rabıta', 0),
(2519, 24, 'Armalık', 'Salaıde', '2022-09-09', 2, 'Kıraat Dersi', 0),
(2520, 88, 'Serksan', 'Memmedli', '2022-09-09', 2, 'Kıraat Dersi', 0),
(2521, 81, 'Rıdvan Talha', 'Karlı', '2022-09-09', 2, 'Kıraat Dersi', 0),
(2522, 70, 'Munawan', 'Munawan', '2022-09-09', 3, 'Kıraat Dersi', 0),
(2523, 49, 'Hüseyin', 'Özsoy', '2022-09-09', 49, 'Kıraat Dersi', 0),
(2524, 26, 'Azad', 'Aksın', '2022-09-09', 3, 'Kıraat Dersi', 0),
(2525, 32, 'Doğukan', 'Duymaz', '2022-09-09', 3, 'Kıraat Dersi', 0),
(2526, 4, 'Abdullah', 'Turan', '2022-09-09', 3, 'Kıraat Dersi', 0),
(2527, 53, 'Kadir', 'Özbek', '2022-09-09', 3, 'Kıraat Dersi', 0),
(2528, 71, 'Musa', 'Genç', '2022-09-09', 4, 'Kıraat Dersi', 0),
(2529, 51, 'Ilham', 'Fauzı', '2022-09-09', 4, 'Kıraat Dersi', 0),
(2530, 76, 'Nazır', 'Nazır', '2022-09-09', 4, 'Kıraat Dersi', 0),
(2531, 43, 'H Serdar', 'Tuna', '2022-09-09', 4, 'Kıraat Dersi', 0),
(2532, 65, 'Miftah', 'Horrozi', '2022-09-09', 4, 'Kıraat Dersi', 0),
(2533, 56, 'Kazım', 'Kurtoğlu', '2022-09-09', 4, 'Kıraat Dersi', 0),
(2534, 91, 'Suheyl', 'Babir', '2022-09-09', 5, 'Kıraat Dersi', 0),
(2535, 90, 'Syhnar', 'Gymynnur', '2022-09-09', 5, 'Kıraat Dersi', 0),
(2536, 47, 'Hasan Vehbi', 'Uysal', '2022-09-09', 5, 'Kıraat Dersi', 0),
(2537, 57, 'Kemal Emre', 'Şen', '2022-09-09', 5, 'Kıraat Dersi', 0),
(2538, 82, 'Rıdwane', 'Kabore', '2022-09-09', 5, 'Kıraat Dersi', 0),
(2539, 38, 'Fatih', 'Ayaz', '2022-09-09', 7, 'Kıraat Dersi', 0),
(2540, 46, 'Hasan', 'Bektaş', '2022-09-09', 9, 'Kıraat Dersi', 0),
(2541, 96, 'Tunahan', 'Ünsal', '2022-09-09', 9, 'Kıraat Dersi', 0),
(2542, 23, 'Alican', 'Yeşil', '2022-09-09', 11, 'Kıraat Dersi', 0),
(2543, 9, 'Abdulbaki', 'Yıldırım', '2022-09-10', 10, 'Rabıta', 0),
(2544, 12, 'Ahmet', 'Duman', '2022-09-10', 11, 'Rabıta', 0),
(2545, 28, 'Batuhan', 'Çamsar', '2022-09-10', 14, 'Rabıta', 0),
(2546, 6, 'Abdullah', 'İnce', '2022-09-10', 35, 'Kıraat Dersi', 0),
(2547, 47, 'Hasan Vehbi', 'Uysal', '2022-09-10', 15, 'Kıraat Dersi', 0),
(2548, 13, 'Ahmet Enes', 'Toprak', '2022-09-10', 11, 'Usul-1', 0),
(2549, 15, 'Ahmet', 'Sarıel', '2022-09-10', 10, 'Usul-1', 0),
(2550, 23, 'Alican', 'Yeşil', '2022-09-10', 7, 'Usul-1', 0),
(2551, 21, 'Ali Emre', 'Korkmaz', '2022-09-11', 1, 'Rabıta', 0),
(2552, 26, 'Azad', 'Aksın', '2022-09-11', 1, 'Rabıta', 0),
(2553, 23, 'Alican', 'Yeşil', '2022-09-11', 15, 'Rabıta', 0),
(2554, 97, 'Veli ', 'Yürekli', '2022-09-11', 15, 'Rabıta', 0),
(2555, 74, 'Mücahit', 'Yoldaş', '2022-09-11', 15, 'Rabıta', 0),
(2556, 46, 'Hasan', 'Bektaş', '2022-09-12', 6, 'Kıraat Dersi', 0),
(2557, 11, 'Abubakır', 'Mektepkhan', '2022-09-12', 34, 'Kıraat Dersi', 0),
(2558, 50, 'Hüseyin Sadri', 'Tamyürek', '2022-09-12', 7, 'Kıraat Dersi', 0),
(2559, 4, 'Abdullah', 'Turan', '2022-09-12', 9, 'Kıraat Dersi', 0),
(2560, 28, 'Batuhan', 'Çamsar', '2022-09-12', 9, 'Kıraat Dersi', 0),
(2561, 96, 'Tunahan', 'Ünsal', '2022-09-12', 9, 'Kıraat Dersi', 0),
(2562, 43, 'H Serdar', 'Tuna', '2022-09-13', 15, 'Kıraat Dersi', 0),
(2563, 42, 'Gabıtbek', 'Mutanov', '2022-09-13', 10, 'Rabıta', 0),
(2564, 23, 'Alican', 'Yeşil', '2022-09-13', 14, 'Rabıta', 0),
(2565, 46, 'Hasan', 'Bektaş', '2022-09-13', 15, 'Rabıta', 0),
(2566, 11, 'Abubakır', 'Mektepkhan', '2022-09-13', 15, 'Şemsiye', 0),
(2567, 37, 'Fardi', 'Tursunov', '2022-09-17', 2, 'Kıraat Dersi', 0),
(2568, 47, 'Hasan Vehbi', 'Uysal', '2022-09-17', 4, 'Kıraat Dersi', 0),
(2569, 72, 'Mustafa', 'Lale', '2022-09-17', 4, 'Kıraat Dersi', 0),
(2570, 97, 'Veli ', 'Yürekli', '2022-09-17', 5, 'Kıraat Dersi', 0),
(2571, 23, 'Alican', 'Yeşil', '2022-09-17', 5, 'Kıraat Dersi', 0),
(2572, 18, 'Aiybek', 'Abdullaev', '2022-09-17', 7, 'Kıraat Dersi', 0),
(2573, 49, 'Hüseyin', 'Özsoy', '2022-09-17', 8, 'Kıraat Dersi', 0),
(2574, 25, 'Aşır', 'İnci', '2022-09-17', 10, 'Kıraat Dersi', 0),
(2575, 82, 'Rıdwane', 'Kabore', '2022-09-17', 14, 'Kıraat Dersi', 0),
(2576, 90, 'Syhnar', 'Gymynnur', '2022-09-17', 11, 'Şemsiye', 0),
(2577, 93, 'Şükrü', 'Sarıbaş', '2022-09-17', 5, 'Mektubat-ı Şerife ', 0),
(2580, 58, 'Kerem', 'Öztürk', '2022-09-19', 2, 'Rabıta', 0),
(2581, 56, 'Kazım', 'Kurtoğlu', '2022-09-19', 1, 'Rabıta', 0),
(2582, 97, 'Veli ', 'Yürekli', '2022-09-19', 3, 'Rabıta', 0),
(2583, 32, 'Doğukan', 'Duymaz', '2022-09-19', 3, 'Rabıta', 0),
(2584, 18, 'Aiybek', 'Abdullaev', '2022-09-19', 8, 'Rabıta', 0),
(2585, 15, 'Ahmet', 'Sarıel', '2022-09-19', 32, 'Kıraat Dersi', 0),
(2586, 46, 'Hasan', 'Bektaş', '2022-09-19', 5, 'Mecelle', 0),
(2587, 47, 'Hasan Vehbi', 'Uysal', '2022-09-20', 1, 'Rabıta', 0),
(2588, 93, 'Şükrü', 'Sarıbaş', '2022-09-20', 3, 'Rabıta', 0),
(2589, 74, 'Mücahit', 'Yoldaş', '2022-09-20', 5, 'Rabıta', 0),
(2590, 46, 'Hasan', 'Bektaş', '2022-09-20', 5, 'Rabıta', 0),
(2591, 50, 'Hüseyin Sadri', 'Tamyürek', '2022-09-20', 11, 'Rabıta', 0),
(2592, 80, 'Ömer Faruk', 'Karakuş', '2022-09-20', 13, 'Rabıta', 0),
(2593, 2, 'Abdoulaye', 'Barry', '2022-09-20', 15, 'Rabıta', 0),
(2594, 75, 'Naurızbek', 'Byeysenbay', '2022-09-20', 15, 'Rabıta', 0),
(2595, 46, 'Hasan', 'Bektaş', '2022-09-20', 10, 'Usul-1', 0),
(2596, 31, 'Daırbek', 'Taırow', '2022-09-20', 5, 'Mecelle', 0),
(2597, 10, 'Abdulkadir', 'Karadayı', '2022-09-20', 6, 'Mecelle', 0),
(2598, 72, 'Mustafa', 'Lale', '2022-09-20', 8, 'Mecelle', 0),
(2599, 85, 'Sayfuddın', 'Kojabek', '2022-09-20', 10, 'Kıraat Dersi', 0),
(2600, 77, 'Osman', 'Hasan', '2022-09-20', 23, 'Kıraat Dersi', 0),
(2601, 50, 'Hüseyin Sadri', 'Tamyürek', '2022-09-21', 8, 'Usul-2', 0),
(2602, 98, 'Vladislav', 'Korotkov', '2022-09-22', 1, 'Rabıta', 0),
(2603, 74, 'Mücahit', 'Yoldaş', '2022-09-22', 2, 'Rabıta', 0),
(2604, 2, 'Abdoulaye', 'Barry', '2022-09-22', 2, 'Rabıta', 0),
(2605, 14, 'Emre', 'Demirel', '2022-09-22', 3, 'Rabıta', 0),
(2606, 43, 'H Serdar', 'Tuna', '2022-09-22', 3, 'Rabıta', 0),
(2607, 102, 'Zekeriya', 'Ebyeya', '2022-09-22', 3, 'Rabıta', 0),
(2608, 4, 'Abdullah', 'Turan', '2022-09-22', 6, 'Mecelle', 0),
(2609, 90, 'Syhnar', 'Gymynnur', '2022-09-22', 6, 'Mecelle', 0),
(2610, 10, 'Abdulkadir', 'Karadayı', '2022-09-22', 6, 'Mecelle', 0),
(2611, 15, 'Ahmet', 'Sarıel', '2022-09-23', 10, 'Kıraat Dersi', 0),
(2612, 72, 'Mustafa', 'Lale', '2022-09-23', 10, 'Kıraat Dersi', 0),
(2613, 101, 'Yusuf', 'Nadranahvice', '2022-09-23', 10, 'Kıraat Dersi', 0),
(2614, 43, 'H Serdar', 'Tuna', '2022-09-23', 10, 'Kıraat Dersi', 0),
(2615, 90, 'Syhnar', 'Gymynnur', '2022-09-23', 1, 'Mecelle', 0),
(2616, 43, 'H Serdar', 'Tuna', '2022-09-23', 2, 'Mecelle', 0),
(2617, 19, 'Ali', 'Acar', '2022-09-23', 5, 'Mecelle', 0),
(2618, 77, 'Osman', 'Hasan', '2022-09-23', 16, 'Mecelle', 0),
(2619, 47, 'Hasan Vehbi', 'Uysal', '2022-09-23', 5, 'Mecelle', 0),
(2620, 46, 'Hasan', 'Bektaş', '2022-09-23', 5, 'Şemsiye', 0),
(2621, 97, 'Veli ', 'Yürekli', '2022-09-23', 5, 'Şemsiye', 0),
(2622, 33, 'Enes', 'Derendeli', '2022-09-23', 5, 'Şemsiye', 0),
(2623, 46, 'Hasan', 'Bektaş', '2022-09-24', 3, 'Rabıta', 0),
(2624, 72, 'Mustafa', 'Lale', '2022-09-24', 3, 'Rabıta', 0),
(2625, 2, 'Abdoulaye', 'Barry', '2022-09-24', 7, 'Rabıta', 0),
(2626, 4, 'Abdullah', 'Turan', '2022-09-24', 8, 'Rabıta', 0),
(2627, 99, 'Yunus', 'Demirel', '2022-09-24', 6, 'Rabıta', 0),
(2628, 28, 'Batuhan', 'Çamsar', '2022-09-24', 6, 'Rabıta', 0),
(2629, 19, 'Ali', 'Acar', '2022-09-24', 8, 'Rabıta', 0),
(2630, 2, 'Abdoulaye', 'Barry', '2022-09-25', 3, 'Rabıta', 0),
(2631, 92, 'Süleyman', 'Kula', '2022-09-25', 6, 'Rabıta', 0),
(2632, 90, 'Syhnar', 'Gymynnur', '2022-09-25', 5, 'Rabıta', 0),
(2633, 49, 'Hüseyin', 'Özsoy', '2022-09-25', 5, 'Rabıta', 0),
(2634, 66, 'Muhammed Azraeı Bın', 'Azhar', '2022-09-25', 2, 'Rabıta', 0),
(2635, 94, 'Tunahan', 'Demirci', '2022-09-25', 2, 'Rabıta', 0),
(2636, 93, 'Şükrü', 'Sarıbaş', '2022-09-25', 5, 'Rabıta', 0),
(2637, 1, 'A Enes', 'Emekli', '2022-09-25', 10, 'Rabıta', 0),
(2638, 97, 'Veli ', 'Yürekli', '2022-09-28', 3, 'Rabıta', 0),
(2639, 37, 'Fardi', 'Tursunov', '2022-09-28', 3, 'Rabıta', 0),
(2640, 77, 'Osman', 'Hasan', '2022-09-28', 3, 'Rabıta', 0),
(2641, 98, 'Vladislav', 'Korotkov', '2022-09-28', 3, 'Rabıta', 0),
(2644, 4, 'Abdullah', 'Turan', '2022-09-28', 10, 'Mecelle', 0),
(2645, 46, 'Hasan', 'Bektaş', '2022-09-28', 10, 'Mecelle', 0);

-- --------------------------------------------------------

--
-- Tablo için tablo yapısı `gelmeyen`
--

CREATE TABLE `gelmeyen` (
  `id` int(255) NOT NULL,
  `ogrenci_no` int(255) NOT NULL,
  `tarih` date NOT NULL,
  `program_adi` varchar(255) COLLATE utf8_turkish_ci NOT NULL,
  `tur_id` int(255) NOT NULL DEFAULT 1
) ENGINE=InnoDB DEFAULT CHARSET=utf8 COLLATE=utf8_turkish_ci;

--
-- Tablo döküm verisi `gelmeyen`
--

INSERT INTO `gelmeyen` (`id`, `ogrenci_no`, `tarih`, `program_adi`, `tur_id`) VALUES
(4698, 6, '2022-09-08', 'Sabah Namazı', 1),
(4699, 14, '2022-09-08', 'Sabah Namazı', 1),
(4700, 34, '2022-09-08', 'Sabah Namazı', 1),
(4701, 48, '2022-09-08', 'Sabah Namazı', 1),
(4702, 55, '2022-09-08', 'Sabah Namazı', 1),
(4704, 65, '2022-09-08', 'Sabah Namazı', 1),
(4705, 68, '2022-09-08', 'Sabah Namazı', 1),
(4706, 86, '2022-09-08', 'Sabah Namazı', 1),
(4707, 98, '2022-09-08', 'Sabah Namazı', 1),
(4708, 99, '2022-09-08', 'Sabah Namazı', 1),
(4709, 101, '2022-09-08', 'Sabah Namazı', 1),
(4710, 102, '2022-09-08', 'Sabah Namazı', 1),
(4711, 55, '2022-09-08', 'Şemsiye', 1),
(4712, 100, '2022-09-08', 'Şemsiye', 1),
(4713, 13, '2022-09-10', 'Rabıta', 1),
(4714, 23, '2022-09-10', 'Rabıta', 1),
(4715, 29, '2022-09-10', 'Rabıta', 1),
(4716, 1, '2022-09-10', 'Sabah Namazı', 1),
(4717, 5, '2022-09-10', 'Sabah Namazı', 1),
(4719, 17, '2022-09-10', 'Sabah Namazı', 1),
(4720, 29, '2022-09-10', 'Sabah Namazı', 1),
(4723, 38, '2022-09-10', 'Sabah Namazı', 1),
(4724, 43, '2022-09-10', 'Sabah Namazı', 1),
(4725, 47, '2022-09-10', 'Sabah Namazı', 1),
(4726, 55, '2022-09-10', 'Sabah Namazı', 1),
(4728, 67, '2022-09-10', 'Sabah Namazı', 1),
(4729, 68, '2022-09-10', 'Sabah Namazı', 1),
(4732, 82, '2022-09-10', 'Sabah Namazı', 1),
(4733, 94, '2022-09-10', 'Sabah Namazı', 1),
(4735, 55, '2022-09-11', 'Rabıta', 1),
(4736, 57, '2022-09-11', 'Rabıta', 1),
(4737, 68, '2022-09-11', 'Rabıta', 1),
(4738, 26, '2022-09-12', 'Sabah Namazı', 1),
(4739, 41, '2022-09-12', 'Sabah Namazı', 1),
(4740, 46, '2022-09-12', 'Sabah Namazı', 1),
(4741, 47, '2022-09-12', 'Sabah Namazı', 1),
(4742, 61, '2022-09-12', 'Sabah Namazı', 1),
(4743, 18, '2022-09-13', 'Rabıta', 1),
(4744, 68, '2022-09-14', 'Sabah Namazı', 1),
(4745, 90, '2022-09-17', 'Şemsiye', 1),
(4746, 93, '2022-09-17', 'Mektubat-ı Şerife ', 1),
(4747, 23, '2022-09-19', 'Rabıta', 1),
(4748, 90, '2022-09-19', 'Rabıta', 1),
(4749, 11, '2022-09-20', 'Rabıta', 1),
(4750, 6, '2022-09-20', 'Sabah Namazı', 1),
(4751, 14, '2022-09-20', 'Sabah Namazı', 1),
(4752, 15, '2022-09-20', 'Sabah Namazı', 1),
(4753, 16, '2022-09-20', 'Sabah Namazı', 1),
(4754, 17, '2022-09-20', 'Sabah Namazı', 1),
(4755, 18, '2022-09-20', 'Sabah Namazı', 1),
(4756, 30, '2022-09-20', 'Sabah Namazı', 1),
(4757, 61, '2022-09-20', 'Sabah Namazı', 1),
(4758, 72, '2022-09-20', 'Sabah Namazı', 1),
(4759, 96, '2022-09-20', 'Sabah Namazı', 1),
(4761, 43, '2022-09-21', 'Rabıta', 1),
(4762, 61, '2022-09-21', 'Rabıta', 1),
(4763, 90, '2022-09-21', 'Rabıta', 1),
(4764, 102, '2022-09-21', 'Rabıta', 1),
(4765, 9, '2022-09-21', 'Sabah Namazı', 1),
(4766, 28, '2022-09-21', 'Sabah Namazı', 1),
(4767, 30, '2022-09-21', 'Sabah Namazı', 1),
(4768, 38, '2022-09-21', 'Sabah Namazı', 1),
(4769, 43, '2022-09-21', 'Sabah Namazı', 1),
(4770, 47, '2022-09-21', 'Sabah Namazı', 1),
(4771, 63, '2022-09-21', 'Sabah Namazı', 1),
(4772, 96, '2022-09-21', 'Sabah Namazı', 1),
(4773, 102, '2022-09-21', 'Sabah Namazı', 1),
(4774, 21, '2022-09-22', 'Rabıta', 1),
(4775, 90, '2022-09-22', 'Rabıta', 1),
(4776, 5, '2022-09-22', 'Sabah Namazı', 1),
(4777, 9, '2022-09-24', 'Rabıta', 1),
(4778, 11, '2022-09-24', 'Rabıta', 1),
(4779, 25, '2022-09-24', 'Rabıta', 1),
(4780, 40, '2022-09-24', 'Rabıta', 1),
(4781, 43, '2022-09-24', 'Rabıta', 1),
(4782, 71, '2022-09-24', 'Rabıta', 1),
(4783, 74, '2022-09-24', 'Rabıta', 1),
(4784, 102, '2022-09-24', 'Rabıta', 1),
(4785, 9, '2022-09-24', 'Sabah Namazı', 1),
(4786, 11, '2022-09-24', 'Sabah Namazı', 1),
(4787, 25, '2022-09-24', 'Sabah Namazı', 1),
(4788, 40, '2022-09-24', 'Sabah Namazı', 1),
(4789, 43, '2022-09-24', 'Sabah Namazı', 1),
(4790, 71, '2022-09-24', 'Sabah Namazı', 1),
(4791, 74, '2022-09-24', 'Sabah Namazı', 1),
(4792, 102, '2022-09-24', 'Sabah Namazı', 1),
(4793, 11, '2022-09-25', 'Rabıta', 1),
(4794, 16, '2022-09-25', 'Rabıta', 1),
(4795, 61, '2022-09-25', 'Rabıta', 1),
(4796, 11, '2022-09-25', 'Sabah Namazı', 1),
(4797, 61, '2022-09-25', 'Sabah Namazı', 1),
(4798, 21, '2022-09-26', 'Rabıta', 1),
(4799, 43, '2022-09-26', 'Rabıta', 1),
(4800, 96, '2022-09-26', 'Rabıta', 1),
(4801, 21, '2022-09-26', 'Sabah Namazı', 1),
(4802, 43, '2022-09-26', 'Sabah Namazı', 1),
(4803, 96, '2022-09-26', 'Sabah Namazı', 1),
(4804, 1, '2022-09-28', 'Mecelle', 1);

-- --------------------------------------------------------

--
-- Tablo için tablo yapısı `history`
--

CREATE TABLE `history` (
  `id` int(11) NOT NULL,
  `p_id` int(255) NOT NULL,
  `date` date NOT NULL
) ENGINE=InnoDB DEFAULT CHARSET=utf8 COLLATE=utf8_turkish_ci;

--
-- Tablo döküm verisi `history`
--

INSERT INTO `history` (`id`, `p_id`, `date`) VALUES
(58, 144, '2022-09-07'),
(59, 143, '2022-09-08'),
(60, 151, '2022-09-08'),
(61, 147, '2022-09-08'),
(62, 145, '2022-09-08'),
(63, 148, '2022-09-09'),
(64, 142, '2022-09-10'),
(65, 143, '2022-09-10'),
(66, 144, '2022-09-10'),
(67, 142, '2022-09-11'),
(68, 143, '2022-09-12'),
(69, 151, '2022-09-12'),
(70, 151, '2022-09-13'),
(71, 142, '2022-09-13'),
(72, 143, '2022-09-14'),
(73, 151, '2022-09-17'),
(74, 147, '2022-09-17'),
(75, 152, '2022-09-17'),
(76, 142, '2022-09-19'),
(77, 148, '2022-09-19'),
(78, 142, '2022-09-20'),
(79, 143, '2022-09-20'),
(80, 144, '2022-09-20'),
(81, 147, '2022-09-20'),
(82, 145, '2022-09-20'),
(83, 146, '2022-09-20'),
(84, 151, '2022-09-20'),
(85, 150, '2022-09-20'),
(86, 142, '2022-09-21'),
(87, 151, '2022-09-21'),
(88, 143, '2022-09-21'),
(89, 144, '2022-09-21'),
(90, 145, '2022-09-21'),
(91, 146, '2022-09-21'),
(92, 147, '2022-09-21'),
(93, 150, '2022-09-21'),
(94, 142, '2022-09-22'),
(95, 143, '2022-09-22'),
(96, 144, '2022-09-22'),
(97, 145, '2022-09-22'),
(98, 146, '2022-09-22'),
(99, 151, '2022-09-22'),
(100, 147, '2022-09-22'),
(101, 142, '2022-09-23'),
(102, 143, '2022-09-23'),
(103, 144, '2022-09-23'),
(104, 145, '2022-09-23'),
(105, 146, '2022-09-23'),
(106, 147, '2022-09-23'),
(107, 150, '2022-09-23'),
(108, 151, '2022-09-23'),
(109, 142, '2022-09-24'),
(110, 143, '2022-09-24'),
(111, 147, '2022-09-24'),
(112, 151, '2022-09-24'),
(113, 142, '2022-09-25'),
(114, 143, '2022-09-25'),
(115, 142, '2022-09-26'),
(116, 143, '2022-09-26'),
(117, 142, '2022-09-28'),
(118, 143, '2022-09-28'),
(119, 145, '2022-09-28');

-- --------------------------------------------------------

--
-- Tablo için tablo yapısı `hizmet`
--

CREATE TABLE `hizmet` (
  `id` int(255) NOT NULL,
  `ogrenci_no` int(255) NOT NULL,
  `tarih` date NOT NULL,
  `program_adi` varchar(255) COLLATE utf8_turkish_ci NOT NULL,
  `tur_id` int(255) NOT NULL DEFAULT 4
) ENGINE=InnoDB DEFAULT CHARSET=utf8 COLLATE=utf8_turkish_ci;

--
-- Tablo döküm verisi `hizmet`
--

INSERT INTO `hizmet` (`id`, `ogrenci_no`, `tarih`, `program_adi`, `tur_id`) VALUES
(54, 5, '2022-09-08', 'Şemsiye', 4),
(55, 5, '2022-09-08', 'Mecelle', 4),
(56, 5, '2022-09-09', 'Müzakere-1', 4),
(57, 10, '2022-09-09', 'Müzakere-1', 4),
(58, 39, '2022-09-09', 'Müzakere-1', 4),
(59, 52, '2022-09-09', 'Müzakere-1', 4),
(60, 64, '2022-09-09', 'Müzakere-1', 4),
(61, 72, '2022-09-09', 'Müzakere-1', 4),
(62, 78, '2022-09-09', 'Müzakere-1', 4),
(63, 87, '2022-09-09', 'Müzakere-1', 4),
(64, 102, '2022-09-09', 'Müzakere-1', 4),
(65, 36, '2022-09-10', 'Rabıta', 4),
(66, 46, '2022-09-10', 'Rabıta', 4),
(67, 48, '2022-09-10', 'Rabıta', 4),
(68, 83, '2022-09-10', 'Rabıta', 4),
(69, 85, '2022-09-10', 'Rabıta', 4),
(70, 86, '2022-09-10', 'Rabıta', 4),
(71, 92, '2022-09-10', 'Rabıta', 4),
(72, 36, '2022-09-10', 'Sabah Namazı', 4),
(73, 46, '2022-09-10', 'Sabah Namazı', 4),
(74, 48, '2022-09-10', 'Sabah Namazı', 4),
(75, 83, '2022-09-10', 'Sabah Namazı', 4),
(76, 85, '2022-09-10', 'Sabah Namazı', 4),
(77, 86, '2022-09-10', 'Sabah Namazı', 4),
(78, 92, '2022-09-10', 'Sabah Namazı', 4),
(79, 30, '2022-09-10', 'Usul-1', 4),
(80, 35, '2022-09-10', 'Usul-1', 4),
(81, 36, '2022-09-10', 'Usul-1', 4),
(82, 39, '2022-09-10', 'Usul-1', 4),
(83, 46, '2022-09-10', 'Usul-1', 4),
(84, 48, '2022-09-10', 'Usul-1', 4),
(85, 56, '2022-09-10', 'Usul-1', 4),
(86, 71, '2022-09-10', 'Usul-1', 4),
(87, 73, '2022-09-10', 'Usul-1', 4),
(88, 85, '2022-09-10', 'Usul-1', 4),
(89, 86, '2022-09-10', 'Usul-1', 4),
(90, 92, '2022-09-10', 'Usul-1', 4),
(91, 30, '2022-09-11', 'Rabıta', 4),
(92, 35, '2022-09-11', 'Rabıta', 4),
(93, 36, '2022-09-11', 'Rabıta', 4),
(94, 39, '2022-09-11', 'Rabıta', 4),
(95, 46, '2022-09-11', 'Rabıta', 4),
(96, 48, '2022-09-11', 'Rabıta', 4),
(97, 56, '2022-09-11', 'Rabıta', 4),
(98, 71, '2022-09-11', 'Rabıta', 4),
(99, 73, '2022-09-11', 'Rabıta', 4),
(100, 85, '2022-09-11', 'Rabıta', 4),
(101, 86, '2022-09-11', 'Rabıta', 4),
(102, 92, '2022-09-11', 'Rabıta', 4),
(103, 12, '2022-09-13', 'Kıraat Dersi', 4),
(104, 13, '2022-09-13', 'Kıraat Dersi', 4),
(105, 15, '2022-09-13', 'Kıraat Dersi', 4),
(106, 19, '2022-09-13', 'Kıraat Dersi', 4),
(107, 24, '2022-09-13', 'Kıraat Dersi', 4),
(108, 40, '2022-09-13', 'Kıraat Dersi', 4),
(109, 49, '2022-09-13', 'Kıraat Dersi', 4),
(110, 12, '2022-09-13', 'Rabıta', 4),
(111, 13, '2022-09-13', 'Rabıta', 4),
(112, 15, '2022-09-13', 'Rabıta', 4),
(113, 19, '2022-09-13', 'Rabıta', 4),
(114, 24, '2022-09-13', 'Rabıta', 4),
(115, 40, '2022-09-13', 'Rabıta', 4),
(116, 49, '2022-09-13', 'Rabıta', 4),
(117, 1, '2022-09-14', 'Sabah Namazı', 4),
(118, 9, '2022-09-14', 'Sabah Namazı', 4),
(119, 12, '2022-09-14', 'Sabah Namazı', 4),
(120, 13, '2022-09-14', 'Sabah Namazı', 4),
(121, 15, '2022-09-14', 'Sabah Namazı', 4),
(122, 16, '2022-09-14', 'Sabah Namazı', 4),
(123, 19, '2022-09-14', 'Sabah Namazı', 4),
(124, 21, '2022-09-14', 'Sabah Namazı', 4),
(125, 22, '2022-09-14', 'Sabah Namazı', 4),
(126, 24, '2022-09-14', 'Sabah Namazı', 4),
(127, 30, '2022-09-14', 'Sabah Namazı', 4),
(128, 39, '2022-09-14', 'Sabah Namazı', 4),
(129, 40, '2022-09-14', 'Sabah Namazı', 4),
(130, 49, '2022-09-14', 'Sabah Namazı', 4),
(131, 64, '2022-09-14', 'Sabah Namazı', 4),
(132, 99, '2022-09-14', 'Sabah Namazı', 4),
(133, 1, '2022-09-17', 'Kıraat Dersi', 4),
(134, 2, '2022-09-17', 'Kıraat Dersi', 4),
(135, 5, '2022-09-17', 'Kıraat Dersi', 4),
(136, 26, '2022-09-17', 'Kıraat Dersi', 4),
(137, 43, '2022-09-17', 'Kıraat Dersi', 4),
(138, 52, '2022-09-17', 'Kıraat Dersi', 4),
(139, 62, '2022-09-17', 'Kıraat Dersi', 4),
(140, 83, '2022-09-17', 'Kıraat Dersi', 4),
(141, 92, '2022-09-17', 'Kıraat Dersi', 4),
(142, 101, '2022-09-17', 'Kıraat Dersi', 4),
(143, 1, '2022-09-17', 'Şemsiye', 4),
(144, 2, '2022-09-17', 'Şemsiye', 4),
(145, 5, '2022-09-17', 'Şemsiye', 4),
(146, 15, '2022-09-17', 'Şemsiye', 4),
(147, 26, '2022-09-17', 'Şemsiye', 4),
(148, 43, '2022-09-17', 'Şemsiye', 4),
(149, 52, '2022-09-17', 'Şemsiye', 4),
(150, 62, '2022-09-17', 'Şemsiye', 4),
(151, 83, '2022-09-17', 'Şemsiye', 4),
(152, 92, '2022-09-17', 'Şemsiye', 4),
(153, 101, '2022-09-17', 'Şemsiye', 4),
(154, 1, '2022-09-17', 'Mektubat-ı Şerife ', 4),
(155, 2, '2022-09-17', 'Mektubat-ı Şerife ', 4),
(156, 5, '2022-09-17', 'Mektubat-ı Şerife ', 4),
(157, 15, '2022-09-17', 'Mektubat-ı Şerife ', 4),
(158, 26, '2022-09-17', 'Mektubat-ı Şerife ', 4),
(159, 43, '2022-09-17', 'Mektubat-ı Şerife ', 4),
(160, 52, '2022-09-17', 'Mektubat-ı Şerife ', 4),
(161, 62, '2022-09-17', 'Mektubat-ı Şerife ', 4),
(162, 83, '2022-09-17', 'Mektubat-ı Şerife ', 4),
(163, 92, '2022-09-17', 'Mektubat-ı Şerife ', 4),
(164, 101, '2022-09-17', 'Mektubat-ı Şerife ', 4),
(165, 9, '2022-09-19', 'Rabıta', 4),
(166, 9, '2022-09-19', 'Müzakere-1', 4),
(167, 14, '2022-09-19', 'Müzakere-1', 4),
(168, 18, '2022-09-19', 'Müzakere-1', 4),
(169, 19, '2022-09-19', 'Müzakere-1', 4),
(170, 30, '2022-09-19', 'Müzakere-1', 4),
(171, 47, '2022-09-19', 'Müzakere-1', 4),
(172, 51, '2022-09-19', 'Müzakere-1', 4),
(173, 52, '2022-09-19', 'Müzakere-1', 4),
(174, 94, '2022-09-19', 'Müzakere-1', 4),
(175, 97, '2022-09-19', 'Müzakere-1', 4),
(176, 102, '2022-09-19', 'Müzakere-1', 4),
(177, 6, '2022-09-20', 'Usul-1', 4),
(178, 13, '2022-09-20', 'Usul-1', 4),
(179, 20, '2022-09-20', 'Usul-1', 4),
(180, 27, '2022-09-20', 'Usul-1', 4),
(181, 28, '2022-09-20', 'Usul-1', 4),
(182, 35, '2022-09-20', 'Usul-1', 4),
(183, 39, '2022-09-20', 'Usul-1', 4),
(184, 44, '2022-09-20', 'Usul-1', 4),
(185, 52, '2022-09-20', 'Usul-1', 4),
(186, 56, '2022-09-20', 'Usul-1', 4),
(187, 68, '2022-09-20', 'Usul-1', 4),
(188, 75, '2022-09-20', 'Usul-1', 4),
(189, 78, '2022-09-20', 'Usul-1', 4),
(190, 80, '2022-09-20', 'Usul-1', 4),
(191, 81, '2022-09-20', 'Usul-1', 4),
(192, 87, '2022-09-20', 'Usul-1', 4),
(193, 6, '2022-09-20', 'Şemsiye', 4),
(194, 13, '2022-09-20', 'Şemsiye', 4),
(195, 20, '2022-09-20', 'Şemsiye', 4),
(196, 27, '2022-09-20', 'Şemsiye', 4),
(197, 28, '2022-09-20', 'Şemsiye', 4),
(198, 35, '2022-09-20', 'Şemsiye', 4),
(199, 39, '2022-09-20', 'Şemsiye', 4),
(200, 44, '2022-09-20', 'Şemsiye', 4),
(201, 52, '2022-09-20', 'Şemsiye', 4),
(202, 56, '2022-09-20', 'Şemsiye', 4),
(203, 68, '2022-09-20', 'Şemsiye', 4),
(204, 75, '2022-09-20', 'Şemsiye', 4),
(205, 78, '2022-09-20', 'Şemsiye', 4),
(206, 80, '2022-09-20', 'Şemsiye', 4),
(207, 81, '2022-09-20', 'Şemsiye', 4),
(208, 87, '2022-09-20', 'Şemsiye', 4),
(209, 6, '2022-09-20', 'Mecelle', 4),
(210, 13, '2022-09-20', 'Mecelle', 4),
(211, 20, '2022-09-20', 'Mecelle', 4),
(212, 27, '2022-09-20', 'Mecelle', 4),
(213, 28, '2022-09-20', 'Mecelle', 4),
(214, 35, '2022-09-20', 'Mecelle', 4),
(215, 39, '2022-09-20', 'Mecelle', 4),
(216, 44, '2022-09-20', 'Mecelle', 4),
(217, 56, '2022-09-20', 'Mecelle', 4),
(218, 68, '2022-09-20', 'Mecelle', 4),
(219, 75, '2022-09-20', 'Mecelle', 4),
(220, 78, '2022-09-20', 'Mecelle', 4),
(221, 80, '2022-09-20', 'Mecelle', 4),
(222, 81, '2022-09-20', 'Mecelle', 4),
(223, 87, '2022-09-20', 'Mecelle', 4),
(224, 6, '2022-09-20', 'Usul-2', 4),
(225, 27, '2022-09-20', 'Usul-2', 4),
(226, 28, '2022-09-20', 'Usul-2', 4),
(227, 56, '2022-09-20', 'Usul-2', 4),
(228, 68, '2022-09-20', 'Usul-2', 4),
(229, 75, '2022-09-20', 'Usul-2', 4),
(230, 78, '2022-09-20', 'Usul-2', 4),
(231, 80, '2022-09-20', 'Usul-2', 4),
(232, 81, '2022-09-20', 'Usul-2', 4),
(233, 87, '2022-09-20', 'Usul-2', 4),
(234, 6, '2022-09-20', 'Kıraat Dersi', 4),
(235, 27, '2022-09-20', 'Kıraat Dersi', 4),
(236, 28, '2022-09-20', 'Kıraat Dersi', 4),
(237, 56, '2022-09-20', 'Kıraat Dersi', 4),
(238, 68, '2022-09-20', 'Kıraat Dersi', 4),
(239, 75, '2022-09-20', 'Kıraat Dersi', 4),
(240, 78, '2022-09-20', 'Kıraat Dersi', 4),
(241, 80, '2022-09-20', 'Kıraat Dersi', 4),
(242, 81, '2022-09-20', 'Kıraat Dersi', 4),
(243, 87, '2022-09-20', 'Kıraat Dersi', 4),
(244, 6, '2022-09-20', 'Yatsı Namazı', 4),
(245, 27, '2022-09-20', 'Yatsı Namazı', 4),
(246, 68, '2022-09-20', 'Yatsı Namazı', 4),
(247, 6, '2022-09-21', 'Rabıta', 4),
(248, 27, '2022-09-21', 'Rabıta', 4),
(249, 68, '2022-09-21', 'Rabıta', 4),
(250, 6, '2022-09-21', 'Kıraat Dersi', 4),
(251, 27, '2022-09-21', 'Kıraat Dersi', 4),
(252, 32, '2022-09-21', 'Kıraat Dersi', 4),
(253, 34, '2022-09-21', 'Kıraat Dersi', 4),
(254, 47, '2022-09-21', 'Kıraat Dersi', 4),
(255, 68, '2022-09-21', 'Kıraat Dersi', 4),
(256, 71, '2022-09-21', 'Kıraat Dersi', 4),
(257, 89, '2022-09-21', 'Kıraat Dersi', 4),
(258, 96, '2022-09-21', 'Kıraat Dersi', 4),
(259, 99, '2022-09-21', 'Kıraat Dersi', 4),
(260, 6, '2022-09-21', 'Sabah Namazı', 4),
(261, 27, '2022-09-21', 'Sabah Namazı', 4),
(262, 34, '2022-09-21', 'Sabah Namazı', 4),
(263, 68, '2022-09-21', 'Sabah Namazı', 4),
(264, 89, '2022-09-21', 'Sabah Namazı', 4),
(265, 6, '2022-09-21', 'Usul-1', 4),
(266, 27, '2022-09-21', 'Usul-1', 4),
(267, 32, '2022-09-21', 'Usul-1', 4),
(268, 34, '2022-09-21', 'Usul-1', 4),
(269, 47, '2022-09-21', 'Usul-1', 4),
(270, 68, '2022-09-21', 'Usul-1', 4),
(271, 71, '2022-09-21', 'Usul-1', 4),
(272, 89, '2022-09-21', 'Usul-1', 4),
(273, 96, '2022-09-21', 'Usul-1', 4),
(274, 99, '2022-09-21', 'Usul-1', 4),
(275, 6, '2022-09-21', 'Mecelle', 4),
(276, 27, '2022-09-21', 'Mecelle', 4),
(277, 32, '2022-09-21', 'Mecelle', 4),
(278, 34, '2022-09-21', 'Mecelle', 4),
(279, 47, '2022-09-21', 'Mecelle', 4),
(280, 68, '2022-09-21', 'Mecelle', 4),
(281, 71, '2022-09-21', 'Mecelle', 4),
(282, 89, '2022-09-21', 'Mecelle', 4),
(283, 96, '2022-09-21', 'Mecelle', 4),
(284, 99, '2022-09-21', 'Mecelle', 4),
(285, 6, '2022-09-21', 'Usul-2', 4),
(286, 27, '2022-09-21', 'Usul-2', 4),
(287, 32, '2022-09-21', 'Usul-2', 4),
(288, 34, '2022-09-21', 'Usul-2', 4),
(289, 47, '2022-09-21', 'Usul-2', 4),
(290, 68, '2022-09-21', 'Usul-2', 4),
(291, 71, '2022-09-21', 'Usul-2', 4),
(292, 89, '2022-09-21', 'Usul-2', 4),
(293, 96, '2022-09-21', 'Usul-2', 4),
(294, 99, '2022-09-21', 'Usul-2', 4),
(295, 6, '2022-09-21', 'Şemsiye', 4),
(296, 15, '2022-09-21', 'Şemsiye', 4),
(297, 27, '2022-09-21', 'Şemsiye', 4),
(298, 32, '2022-09-21', 'Şemsiye', 4),
(299, 34, '2022-09-21', 'Şemsiye', 4),
(300, 41, '2022-09-21', 'Şemsiye', 4),
(301, 47, '2022-09-21', 'Şemsiye', 4),
(302, 54, '2022-09-21', 'Şemsiye', 4),
(303, 68, '2022-09-21', 'Şemsiye', 4),
(304, 71, '2022-09-21', 'Şemsiye', 4),
(305, 77, '2022-09-21', 'Şemsiye', 4),
(306, 89, '2022-09-21', 'Şemsiye', 4),
(307, 96, '2022-09-21', 'Şemsiye', 4),
(308, 99, '2022-09-21', 'Şemsiye', 4),
(309, 6, '2022-09-21', 'Yatsı Namazı', 4),
(310, 27, '2022-09-21', 'Yatsı Namazı', 4),
(311, 34, '2022-09-21', 'Yatsı Namazı', 4),
(312, 68, '2022-09-21', 'Yatsı Namazı', 4),
(313, 89, '2022-09-21', 'Yatsı Namazı', 4),
(314, 6, '2022-09-22', 'Rabıta', 4),
(315, 27, '2022-09-22', 'Rabıta', 4),
(316, 68, '2022-09-22', 'Rabıta', 4),
(317, 3, '2022-09-22', 'Sabah Namazı', 4),
(318, 6, '2022-09-22', 'Sabah Namazı', 4),
(319, 11, '2022-09-22', 'Sabah Namazı', 4),
(320, 27, '2022-09-22', 'Sabah Namazı', 4),
(321, 33, '2022-09-22', 'Sabah Namazı', 4),
(322, 36, '2022-09-22', 'Sabah Namazı', 4),
(323, 41, '2022-09-22', 'Sabah Namazı', 4),
(324, 54, '2022-09-22', 'Sabah Namazı', 4),
(325, 64, '2022-09-22', 'Sabah Namazı', 4),
(326, 68, '2022-09-22', 'Sabah Namazı', 4),
(327, 77, '2022-09-22', 'Sabah Namazı', 4),
(328, 80, '2022-09-22', 'Sabah Namazı', 4),
(329, 82, '2022-09-22', 'Sabah Namazı', 4),
(330, 83, '2022-09-22', 'Sabah Namazı', 4),
(331, 86, '2022-09-22', 'Sabah Namazı', 4),
(332, 3, '2022-09-22', 'Usul-1', 4),
(333, 6, '2022-09-22', 'Usul-1', 4),
(334, 11, '2022-09-22', 'Usul-1', 4),
(335, 27, '2022-09-22', 'Usul-1', 4),
(336, 33, '2022-09-22', 'Usul-1', 4),
(337, 36, '2022-09-22', 'Usul-1', 4),
(338, 41, '2022-09-22', 'Usul-1', 4),
(339, 64, '2022-09-22', 'Usul-1', 4),
(340, 68, '2022-09-22', 'Usul-1', 4),
(341, 82, '2022-09-22', 'Usul-1', 4),
(342, 83, '2022-09-22', 'Usul-1', 4),
(343, 86, '2022-09-22', 'Usul-1', 4),
(344, 3, '2022-09-22', 'Mecelle', 4),
(345, 6, '2022-09-22', 'Mecelle', 4),
(346, 11, '2022-09-22', 'Mecelle', 4),
(347, 27, '2022-09-22', 'Mecelle', 4),
(348, 33, '2022-09-22', 'Mecelle', 4),
(349, 36, '2022-09-22', 'Mecelle', 4),
(350, 41, '2022-09-22', 'Mecelle', 4),
(351, 64, '2022-09-22', 'Mecelle', 4),
(352, 68, '2022-09-22', 'Mecelle', 4),
(353, 82, '2022-09-22', 'Mecelle', 4),
(354, 83, '2022-09-22', 'Mecelle', 4),
(355, 86, '2022-09-22', 'Mecelle', 4),
(356, 3, '2022-09-22', 'Usul-2', 4),
(357, 6, '2022-09-22', 'Usul-2', 4),
(358, 11, '2022-09-22', 'Usul-2', 4),
(359, 27, '2022-09-22', 'Usul-2', 4),
(360, 33, '2022-09-22', 'Usul-2', 4),
(361, 36, '2022-09-22', 'Usul-2', 4),
(362, 41, '2022-09-22', 'Usul-2', 4),
(363, 64, '2022-09-22', 'Usul-2', 4),
(364, 68, '2022-09-22', 'Usul-2', 4),
(365, 82, '2022-09-22', 'Usul-2', 4),
(366, 83, '2022-09-22', 'Usul-2', 4),
(367, 86, '2022-09-22', 'Usul-2', 4),
(368, 3, '2022-09-22', 'Kıraat Dersi', 4),
(369, 6, '2022-09-22', 'Kıraat Dersi', 4),
(370, 11, '2022-09-22', 'Kıraat Dersi', 4),
(371, 27, '2022-09-22', 'Kıraat Dersi', 4),
(372, 33, '2022-09-22', 'Kıraat Dersi', 4),
(373, 36, '2022-09-22', 'Kıraat Dersi', 4),
(374, 41, '2022-09-22', 'Kıraat Dersi', 4),
(375, 64, '2022-09-22', 'Kıraat Dersi', 4),
(376, 68, '2022-09-22', 'Kıraat Dersi', 4),
(377, 82, '2022-09-22', 'Kıraat Dersi', 4),
(378, 83, '2022-09-22', 'Kıraat Dersi', 4),
(379, 86, '2022-09-22', 'Kıraat Dersi', 4),
(380, 3, '2022-09-22', 'Şemsiye', 4),
(381, 6, '2022-09-22', 'Şemsiye', 4),
(382, 11, '2022-09-22', 'Şemsiye', 4),
(383, 27, '2022-09-22', 'Şemsiye', 4),
(384, 33, '2022-09-22', 'Şemsiye', 4),
(385, 36, '2022-09-22', 'Şemsiye', 4),
(386, 41, '2022-09-22', 'Şemsiye', 4),
(387, 64, '2022-09-22', 'Şemsiye', 4),
(388, 68, '2022-09-22', 'Şemsiye', 4),
(389, 82, '2022-09-22', 'Şemsiye', 4),
(390, 83, '2022-09-22', 'Şemsiye', 4),
(391, 86, '2022-09-22', 'Şemsiye', 4),
(392, 6, '2022-09-23', 'Rabıta', 4),
(393, 27, '2022-09-23', 'Rabıta', 4),
(394, 68, '2022-09-23', 'Rabıta', 4),
(395, 6, '2022-09-23', 'Sabah Namazı', 4),
(396, 27, '2022-09-23', 'Sabah Namazı', 4),
(397, 68, '2022-09-23', 'Sabah Namazı', 4),
(398, 6, '2022-09-23', 'Usul-1', 4),
(399, 18, '2022-09-23', 'Usul-1', 4),
(400, 27, '2022-09-23', 'Usul-1', 4),
(401, 68, '2022-09-23', 'Usul-1', 4),
(402, 6, '2022-09-23', 'Mecelle', 4),
(403, 18, '2022-09-23', 'Mecelle', 4),
(404, 27, '2022-09-23', 'Mecelle', 4),
(405, 68, '2022-09-23', 'Mecelle', 4),
(406, 6, '2022-09-23', 'Usul-2', 4),
(407, 18, '2022-09-23', 'Usul-2', 4),
(408, 27, '2022-09-23', 'Usul-2', 4),
(409, 68, '2022-09-23', 'Usul-2', 4),
(410, 6, '2022-09-23', 'Şemsiye', 4),
(411, 18, '2022-09-23', 'Şemsiye', 4),
(412, 27, '2022-09-23', 'Şemsiye', 4),
(413, 68, '2022-09-23', 'Şemsiye', 4),
(414, 6, '2022-09-23', 'Yatsı Namazı', 4),
(415, 18, '2022-09-23', 'Yatsı Namazı', 4),
(416, 27, '2022-09-23', 'Yatsı Namazı', 4),
(417, 68, '2022-09-23', 'Yatsı Namazı', 4),
(418, 6, '2022-09-23', 'Kıraat Dersi', 4),
(419, 18, '2022-09-23', 'Kıraat Dersi', 4),
(420, 27, '2022-09-23', 'Kıraat Dersi', 4),
(421, 68, '2022-09-23', 'Kıraat Dersi', 4),
(422, 3, '2022-09-24', 'Rabıta', 4),
(423, 6, '2022-09-24', 'Rabıta', 4),
(424, 15, '2022-09-24', 'Rabıta', 4),
(425, 18, '2022-09-24', 'Rabıta', 4),
(426, 19, '2022-09-24', 'Rabıta', 4),
(427, 21, '2022-09-24', 'Rabıta', 4),
(428, 26, '2022-09-24', 'Rabıta', 4),
(429, 27, '2022-09-24', 'Rabıta', 4),
(430, 28, '2022-09-24', 'Rabıta', 4),
(431, 29, '2022-09-24', 'Rabıta', 4),
(432, 30, '2022-09-24', 'Rabıta', 4),
(433, 34, '2022-09-24', 'Rabıta', 4),
(434, 35, '2022-09-24', 'Rabıta', 4),
(435, 39, '2022-09-24', 'Rabıta', 4),
(436, 42, '2022-09-24', 'Rabıta', 4),
(437, 46, '2022-09-24', 'Rabıta', 4),
(438, 56, '2022-09-24', 'Rabıta', 4),
(439, 68, '2022-09-24', 'Rabıta', 4),
(440, 73, '2022-09-24', 'Rabıta', 4),
(441, 79, '2022-09-24', 'Rabıta', 4),
(442, 80, '2022-09-24', 'Rabıta', 4),
(443, 81, '2022-09-24', 'Rabıta', 4),
(444, 85, '2022-09-24', 'Rabıta', 4),
(445, 88, '2022-09-24', 'Rabıta', 4),
(446, 3, '2022-09-24', 'Sabah Namazı', 4),
(447, 6, '2022-09-24', 'Sabah Namazı', 4),
(448, 15, '2022-09-24', 'Sabah Namazı', 4),
(449, 18, '2022-09-24', 'Sabah Namazı', 4),
(450, 19, '2022-09-24', 'Sabah Namazı', 4),
(451, 21, '2022-09-24', 'Sabah Namazı', 4),
(452, 26, '2022-09-24', 'Sabah Namazı', 4),
(453, 27, '2022-09-24', 'Sabah Namazı', 4),
(454, 28, '2022-09-24', 'Sabah Namazı', 4),
(455, 29, '2022-09-24', 'Sabah Namazı', 4),
(456, 30, '2022-09-24', 'Sabah Namazı', 4),
(457, 34, '2022-09-24', 'Sabah Namazı', 4),
(458, 35, '2022-09-24', 'Sabah Namazı', 4),
(459, 39, '2022-09-24', 'Sabah Namazı', 4),
(460, 42, '2022-09-24', 'Sabah Namazı', 4),
(461, 46, '2022-09-24', 'Sabah Namazı', 4),
(462, 56, '2022-09-24', 'Sabah Namazı', 4),
(463, 68, '2022-09-24', 'Sabah Namazı', 4),
(464, 73, '2022-09-24', 'Sabah Namazı', 4),
(465, 79, '2022-09-24', 'Sabah Namazı', 4),
(466, 80, '2022-09-24', 'Sabah Namazı', 4),
(467, 81, '2022-09-24', 'Sabah Namazı', 4),
(468, 85, '2022-09-24', 'Sabah Namazı', 4),
(469, 88, '2022-09-24', 'Sabah Namazı', 4),
(470, 3, '2022-09-24', 'Şemsiye', 4),
(471, 6, '2022-09-24', 'Şemsiye', 4),
(472, 15, '2022-09-24', 'Şemsiye', 4),
(473, 18, '2022-09-24', 'Şemsiye', 4),
(474, 19, '2022-09-24', 'Şemsiye', 4),
(475, 21, '2022-09-24', 'Şemsiye', 4),
(476, 27, '2022-09-24', 'Şemsiye', 4),
(477, 28, '2022-09-24', 'Şemsiye', 4),
(478, 29, '2022-09-24', 'Şemsiye', 4),
(479, 30, '2022-09-24', 'Şemsiye', 4),
(480, 34, '2022-09-24', 'Şemsiye', 4),
(481, 35, '2022-09-24', 'Şemsiye', 4),
(482, 39, '2022-09-24', 'Şemsiye', 4),
(483, 40, '2022-09-24', 'Şemsiye', 4),
(484, 42, '2022-09-24', 'Şemsiye', 4),
(485, 46, '2022-09-24', 'Şemsiye', 4),
(486, 56, '2022-09-24', 'Şemsiye', 4),
(487, 68, '2022-09-24', 'Şemsiye', 4),
(488, 73, '2022-09-24', 'Şemsiye', 4),
(489, 79, '2022-09-24', 'Şemsiye', 4),
(490, 80, '2022-09-24', 'Şemsiye', 4),
(491, 81, '2022-09-24', 'Şemsiye', 4),
(492, 85, '2022-09-24', 'Şemsiye', 4),
(493, 88, '2022-09-24', 'Şemsiye', 4),
(494, 100, '2022-09-24', 'Şemsiye', 4),
(495, 3, '2022-09-24', 'Kıraat Dersi', 4),
(496, 6, '2022-09-24', 'Kıraat Dersi', 4),
(497, 15, '2022-09-24', 'Kıraat Dersi', 4),
(498, 18, '2022-09-24', 'Kıraat Dersi', 4),
(499, 19, '2022-09-24', 'Kıraat Dersi', 4),
(500, 21, '2022-09-24', 'Kıraat Dersi', 4),
(501, 27, '2022-09-24', 'Kıraat Dersi', 4),
(502, 28, '2022-09-24', 'Kıraat Dersi', 4),
(503, 29, '2022-09-24', 'Kıraat Dersi', 4),
(504, 30, '2022-09-24', 'Kıraat Dersi', 4),
(505, 34, '2022-09-24', 'Kıraat Dersi', 4),
(506, 35, '2022-09-24', 'Kıraat Dersi', 4),
(507, 39, '2022-09-24', 'Kıraat Dersi', 4),
(508, 40, '2022-09-24', 'Kıraat Dersi', 4),
(509, 42, '2022-09-24', 'Kıraat Dersi', 4),
(510, 46, '2022-09-24', 'Kıraat Dersi', 4),
(511, 56, '2022-09-24', 'Kıraat Dersi', 4),
(512, 68, '2022-09-24', 'Kıraat Dersi', 4),
(513, 73, '2022-09-24', 'Kıraat Dersi', 4),
(514, 79, '2022-09-24', 'Kıraat Dersi', 4),
(515, 80, '2022-09-24', 'Kıraat Dersi', 4),
(516, 81, '2022-09-24', 'Kıraat Dersi', 4),
(517, 85, '2022-09-24', 'Kıraat Dersi', 4),
(518, 88, '2022-09-24', 'Kıraat Dersi', 4),
(519, 100, '2022-09-24', 'Kıraat Dersi', 4),
(520, 6, '2022-09-25', 'Rabıta', 4),
(521, 10, '2022-09-25', 'Rabıta', 4),
(522, 20, '2022-09-25', 'Rabıta', 4),
(523, 22, '2022-09-25', 'Rabıta', 4),
(524, 23, '2022-09-25', 'Rabıta', 4),
(525, 27, '2022-09-25', 'Rabıta', 4),
(526, 34, '2022-09-25', 'Rabıta', 4),
(527, 39, '2022-09-25', 'Rabıta', 4),
(528, 53, '2022-09-25', 'Rabıta', 4),
(529, 68, '2022-09-25', 'Rabıta', 4),
(530, 78, '2022-09-25', 'Rabıta', 4),
(531, 100, '2022-09-25', 'Rabıta', 4),
(532, 6, '2022-09-25', 'Sabah Namazı', 4),
(533, 10, '2022-09-25', 'Sabah Namazı', 4),
(534, 20, '2022-09-25', 'Sabah Namazı', 4),
(535, 22, '2022-09-25', 'Sabah Namazı', 4),
(536, 23, '2022-09-25', 'Sabah Namazı', 4),
(537, 27, '2022-09-25', 'Sabah Namazı', 4),
(538, 34, '2022-09-25', 'Sabah Namazı', 4),
(539, 39, '2022-09-25', 'Sabah Namazı', 4),
(540, 53, '2022-09-25', 'Sabah Namazı', 4),
(541, 68, '2022-09-25', 'Sabah Namazı', 4),
(542, 78, '2022-09-25', 'Sabah Namazı', 4),
(543, 100, '2022-09-25', 'Sabah Namazı', 4),
(544, 6, '2022-09-26', 'Rabıta', 4),
(545, 18, '2022-09-26', 'Rabıta', 4),
(546, 27, '2022-09-26', 'Rabıta', 4),
(547, 67, '2022-09-26', 'Rabıta', 4),
(548, 68, '2022-09-26', 'Rabıta', 4),
(549, 6, '2022-09-26', 'Sabah Namazı', 4),
(550, 18, '2022-09-26', 'Sabah Namazı', 4),
(551, 27, '2022-09-26', 'Sabah Namazı', 4),
(552, 67, '2022-09-26', 'Sabah Namazı', 4),
(553, 68, '2022-09-26', 'Sabah Namazı', 4),
(554, 19, '2022-09-28', 'Mecelle', 4),
(555, 21, '2022-09-28', 'Mecelle', 4),
(556, 22, '2022-09-28', 'Mecelle', 4),
(557, 28, '2022-09-28', 'Mecelle', 4),
(558, 35, '2022-09-28', 'Mecelle', 4),
(559, 41, '2022-09-28', 'Mecelle', 4),
(560, 60, '2022-09-28', 'Mecelle', 4),
(561, 69, '2022-09-28', 'Mecelle', 4),
(562, 70, '2022-09-28', 'Mecelle', 4),
(563, 71, '2022-09-28', 'Mecelle', 4),
(564, 74, '2022-09-28', 'Mecelle', 4),
(565, 80, '2022-09-28', 'Mecelle', 4);

-- --------------------------------------------------------

--
-- Tablo için tablo yapısı `izincarsi`
--

CREATE TABLE `izincarsi` (
  `id` int(255) NOT NULL,
  `ogrenci_no` int(255) NOT NULL,
  `date` date NOT NULL,
  `escDate` datetime NOT NULL,
  `date2` date DEFAULT NULL,
  `openDate` datetime NOT NULL,
  `sure` int(255) NOT NULL,
  `aciklama` varchar(255) COLLATE utf8_turkish_ci NOT NULL
) ENGINE=InnoDB DEFAULT CHARSET=utf8 COLLATE=utf8_turkish_ci;

--
-- Tablo döküm verisi `izincarsi`
--

INSERT INTO `izincarsi` (`id`, `ogrenci_no`, `date`, `escDate`, `date2`, `openDate`, `sure`, `aciklama`) VALUES
(114, 96, '2022-09-29', '2022-09-29 09:48:11', NULL, '0000-00-00 00:00:00', 0, 'Ev izni '),
(115, 34, '2022-09-29', '2022-09-29 09:49:05', NULL, '0000-00-00 00:00:00', 0, 'İzinli ');

-- --------------------------------------------------------

--
-- Tablo için tablo yapısı `izinhizmet`
--

CREATE TABLE `izinhizmet` (
  `id` int(255) NOT NULL,
  `ogrenci_no` int(255) NOT NULL,
  `date` date NOT NULL,
  `escDate` datetime NOT NULL,
  `date2` date DEFAULT NULL,
  `openDate` datetime NOT NULL,
  `sure` int(255) NOT NULL,
  `aciklama` varchar(255) COLLATE utf8_turkish_ci NOT NULL
) ENGINE=InnoDB DEFAULT CHARSET=utf8 COLLATE=utf8_turkish_ci;

--
-- Tablo döküm verisi `izinhizmet`
--

INSERT INTO `izinhizmet` (`id`, `ogrenci_no`, `date`, `escDate`, `date2`, `openDate`, `sure`, `aciklama`) VALUES
(105, 86, '2022-09-10', '2022-09-10 05:29:17', NULL, '0000-00-00 00:00:00', 0, 'Yemekçi '),
(303, 59, '2022-09-29', '2022-09-29 09:24:41', NULL, '0000-00-00 00:00:00', 0, 'Kermes'),
(304, 69, '2022-09-29', '2022-09-29 09:25:01', NULL, '0000-00-00 00:00:00', 0, 'Kermes'),
(305, 70, '2022-09-29', '2022-09-29 09:25:14', NULL, '0000-00-00 00:00:00', 0, 'Kermes'),
(306, 30, '2022-09-29', '2022-09-29 09:25:39', NULL, '0000-00-00 00:00:00', 0, 'Kermes'),
(307, 68, '2022-09-29', '2022-09-29 09:25:58', NULL, '0000-00-00 00:00:00', 0, 'Kermes'),
(308, 6, '2022-09-29', '2022-09-29 09:26:07', NULL, '0000-00-00 00:00:00', 0, 'Kermes'),
(309, 78, '2022-09-29', '2022-09-29 09:26:26', NULL, '0000-00-00 00:00:00', 0, 'Kermes'),
(310, 40, '2022-09-29', '2022-09-29 09:26:37', NULL, '0000-00-00 00:00:00', 0, 'Kermes'),
(311, 41, '2022-09-29', '2022-09-29 09:26:56', NULL, '0000-00-00 00:00:00', 0, 'Kermes'),
(312, 3, '2022-09-29', '2022-09-29 09:27:05', NULL, '0000-00-00 00:00:00', 0, 'Kermes'),
(313, 19, '2022-09-29', '2022-09-29 09:27:16', NULL, '0000-00-00 00:00:00', 0, 'Kermes'),
(314, 38, '2022-09-29', '2022-09-29 09:27:31', NULL, '0000-00-00 00:00:00', 0, 'Kermes'),
(315, 22, '2022-09-29', '2022-09-29 09:27:41', NULL, '0000-00-00 00:00:00', 0, 'Kermes '),
(316, 43, '2022-09-29', '2022-09-29 09:27:56', NULL, '0000-00-00 00:00:00', 0, 'Kermes '),
(317, 64, '2022-09-29', '2022-09-29 09:29:12', NULL, '0000-00-00 00:00:00', 0, 'Kermes'),
(318, 52, '2022-09-29', '2022-09-29 09:29:27', NULL, '0000-00-00 00:00:00', 0, 'Kermes '),
(319, 15, '2022-09-29', '2022-09-29 09:29:45', NULL, '0000-00-00 00:00:00', 0, 'Kermes'),
(320, 54, '2022-09-29', '2022-09-29 09:29:58', NULL, '0000-00-00 00:00:00', 0, 'Kermes '),
(321, 25, '2022-09-29', '2022-09-29 09:30:16', NULL, '0000-00-00 00:00:00', 0, 'Kermes'),
(322, 1, '2022-09-29', '2022-09-29 09:30:31', NULL, '0000-00-00 00:00:00', 0, 'Kermes'),
(323, 56, '2022-09-29', '2022-09-29 09:30:47', NULL, '0000-00-00 00:00:00', 0, 'Kermes'),
(324, 85, '2022-09-29', '2022-09-29 09:32:25', NULL, '0000-00-00 00:00:00', 0, 'Kermes '),
(325, 94, '2022-09-29', '2022-09-29 09:32:34', NULL, '0000-00-00 00:00:00', 0, 'Kermes '),
(326, 62, '2022-09-29', '2022-09-29 09:33:00', NULL, '0000-00-00 00:00:00', 0, 'Kermes '),
(327, 4, '2022-09-29', '2022-09-29 09:33:12', NULL, '0000-00-00 00:00:00', 0, 'Kermes '),
(328, 53, '2022-09-29', '2022-09-29 09:33:29', NULL, '0000-00-00 00:00:00', 0, 'Kermes '),
(329, 12, '2022-09-29', '2022-09-29 09:33:39', NULL, '0000-00-00 00:00:00', 0, 'Kermes '),
(330, 57, '2022-09-29', '2022-09-29 09:33:50', NULL, '0000-00-00 00:00:00', 0, 'Kermes '),
(331, 72, '2022-09-29', '2022-09-29 09:34:01', NULL, '0000-00-00 00:00:00', 0, 'Kermes '),
(332, 21, '2022-09-29', '2022-09-29 09:34:12', NULL, '0000-00-00 00:00:00', 0, 'Kermes '),
(333, 27, '2022-09-29', '2022-09-29 09:34:25', NULL, '0000-00-00 00:00:00', 0, 'Kermes '),
(334, 88, '2022-09-29', '2022-09-29 09:34:40', NULL, '0000-00-00 00:00:00', 0, 'Kermes '),
(335, 17, '2022-09-29', '2022-09-29 09:34:57', NULL, '0000-00-00 00:00:00', 0, 'Kermes '),
(336, 28, '2022-09-29', '2022-09-29 09:35:08', NULL, '0000-00-00 00:00:00', 0, 'Kermes '),
(337, 45, '2022-09-29', '2022-09-29 09:35:17', NULL, '0000-00-00 00:00:00', 0, 'Kermes '),
(338, 79, '2022-09-29', '2022-09-29 09:35:28', NULL, '0000-00-00 00:00:00', 0, 'Kermes '),
(339, 20, '2022-09-29', '2022-09-29 09:35:45', NULL, '0000-00-00 00:00:00', 0, 'Kermes '),
(340, 71, '2022-09-29', '2022-09-29 09:35:59', NULL, '0000-00-00 00:00:00', 0, 'Kermes '),
(341, 63, '2022-09-29', '2022-09-29 09:36:19', NULL, '0000-00-00 00:00:00', 0, 'Kermes '),
(342, 51, '2022-09-29', '2022-09-29 09:36:33', NULL, '0000-00-00 00:00:00', 0, 'Kermes '),
(343, 48, '2022-09-29', '2022-09-29 09:37:08', NULL, '0000-00-00 00:00:00', 0, 'Kermes '),
(344, 31, '2022-09-29', '2022-09-29 09:37:21', NULL, '0000-00-00 00:00:00', 0, 'Kermes '),
(345, 100, '2022-09-29', '2022-09-29 09:37:54', NULL, '0000-00-00 00:00:00', 0, 'Kermes '),
(346, 80, '2022-09-29', '2022-09-29 09:38:48', NULL, '0000-00-00 00:00:00', 0, 'Kermes '),
(347, 81, '2022-09-29', '2022-09-29 09:39:00', NULL, '0000-00-00 00:00:00', 0, 'Kermes '),
(348, 73, '2022-09-29', '2022-09-29 09:39:15', NULL, '0000-00-00 00:00:00', 0, 'Kermes '),
(349, 5, '2022-09-29', '2022-09-29 09:39:43', NULL, '0000-00-00 00:00:00', 0, 'Kermes '),
(350, 37, '2022-09-29', '2022-09-29 09:39:53', NULL, '0000-00-00 00:00:00', 0, 'Kermes '),
(351, 35, '2022-09-29', '2022-09-29 09:40:05', NULL, '0000-00-00 00:00:00', 0, 'Kermes '),
(352, 33, '2022-09-29', '2022-09-29 09:40:25', NULL, '0000-00-00 00:00:00', 0, 'Kermes '),
(353, 47, '2022-09-29', '2022-09-29 09:40:44', NULL, '0000-00-00 00:00:00', 0, 'Kermes '),
(354, 2, '2022-09-29', '2022-09-29 09:40:51', NULL, '0000-00-00 00:00:00', 0, 'Kermes '),
(355, 89, '2022-09-29', '2022-09-29 09:44:09', NULL, '0000-00-00 00:00:00', 0, 'Müracaat'),
(356, 67, '2022-09-29', '2022-09-29 09:49:48', NULL, '0000-00-00 00:00:00', 0, 'Hasta '),
(357, 18, '2022-09-29', '2022-09-29 09:58:48', NULL, '0000-00-00 00:00:00', 0, 'Hasta '),
(358, 82, '2022-09-30', '2022-09-30 05:57:31', NULL, '0000-00-00 00:00:00', 0, 'Yemekhane '),
(359, 86, '2022-09-30', '2022-09-30 05:59:27', NULL, '0000-00-00 00:00:00', 0, 'Yemekhane '),
(360, 24, '2022-09-30', '2022-09-30 06:05:19', NULL, '0000-00-00 00:00:00', 0, 'Yemekhane '),
(361, 49, '2022-09-30', '2022-09-30 10:30:02', NULL, '0000-00-00 00:00:00', 0, 'Yemekhane '),
(362, 75, '2022-09-30', '2022-09-30 10:30:44', NULL, '0000-00-00 00:00:00', 0, 'Yemekhane ');

-- --------------------------------------------------------

--
-- Tablo için tablo yapısı `izinli`
--

CREATE TABLE `izinli` (
  `id` int(255) NOT NULL,
  `ogrenci_no` int(255) NOT NULL,
  `tarih` date NOT NULL,
  `program_adi` varchar(255) COLLATE utf8_turkish_ci NOT NULL,
  `tur_id` int(255) NOT NULL DEFAULT 2
) ENGINE=InnoDB DEFAULT CHARSET=utf8 COLLATE=utf8_turkish_ci;

--
-- Tablo döküm verisi `izinli`
--

INSERT INTO `izinli` (`id`, `ogrenci_no`, `tarih`, `program_adi`, `tur_id`) VALUES
(1006, 55, '2022-09-07', 'Usul-1', 2),
(1007, 100, '2022-09-07', 'Usul-1', 2),
(1008, 4, '2022-09-08', 'Sabah Namazı', 2),
(1009, 14, '2022-09-08', 'Kıraat Dersi', 2),
(1010, 30, '2022-09-08', 'Kıraat Dersi', 2),
(1011, 56, '2022-09-08', 'Kıraat Dersi', 2),
(1012, 14, '2022-09-08', 'Şemsiye', 2),
(1013, 14, '2022-09-08', 'Mecelle', 2),
(1014, 33, '2022-09-08', 'Mecelle', 2),
(1015, 43, '2022-09-08', 'Mecelle', 2),
(1016, 55, '2022-09-08', 'Mecelle', 2),
(1017, 67, '2022-09-08', 'Mecelle', 2),
(1018, 98, '2022-09-08', 'Mecelle', 2),
(1019, 100, '2022-09-08', 'Mecelle', 2),
(1020, 67, '2022-09-09', 'Müzakere-1', 2),
(1021, 98, '2022-09-09', 'Müzakere-1', 2),
(1022, 15, '2022-09-10', 'Sabah Namazı', 2),
(1023, 21, '2022-09-10', 'Sabah Namazı', 2),
(1024, 26, '2022-09-10', 'Sabah Namazı', 2),
(1025, 39, '2022-09-10', 'Sabah Namazı', 2),
(1026, 63, '2022-09-10', 'Sabah Namazı', 2),
(1027, 76, '2022-09-10', 'Sabah Namazı', 2),
(1028, 91, '2022-09-10', 'Sabah Namazı', 2),
(1029, 55, '2022-09-10', 'Usul-1', 2),
(1030, 100, '2022-09-10', 'Usul-1', 2),
(1031, 5, '2022-09-11', 'Rabıta', 2),
(1032, 14, '2022-09-11', 'Rabıta', 2),
(1033, 52, '2022-09-11', 'Rabıta', 2),
(1034, 99, '2022-09-11', 'Rabıta', 2),
(1035, 100, '2022-09-11', 'Rabıta', 2),
(1036, 28, '2022-09-12', 'Sabah Namazı', 2),
(1037, 29, '2022-09-12', 'Sabah Namazı', 2),
(1038, 41, '2022-09-12', 'Kıraat Dersi', 2),
(1039, 100, '2022-09-13', 'Kıraat Dersi', 2),
(1040, 3, '2022-09-19', 'Müzakere-1', 2),
(1041, 39, '2022-09-19', 'Müzakere-1', 2),
(1042, 20, '2022-09-20', 'Sabah Namazı', 2),
(1043, 27, '2022-09-20', 'Sabah Namazı', 2),
(1044, 35, '2022-09-20', 'Sabah Namazı', 2),
(1045, 39, '2022-09-20', 'Sabah Namazı', 2),
(1046, 44, '2022-09-20', 'Sabah Namazı', 2),
(1047, 3, '2022-09-20', 'Kıraat Dersi', 2),
(1048, 5, '2022-09-20', 'Kıraat Dersi', 2),
(1049, 11, '2022-09-20', 'Kıraat Dersi', 2),
(1050, 13, '2022-09-20', 'Kıraat Dersi', 2),
(1051, 17, '2022-09-20', 'Kıraat Dersi', 2),
(1052, 18, '2022-09-20', 'Kıraat Dersi', 2),
(1053, 43, '2022-09-20', 'Kıraat Dersi', 2),
(1054, 60, '2022-09-20', 'Kıraat Dersi', 2),
(1055, 65, '2022-09-20', 'Kıraat Dersi', 2),
(1056, 66, '2022-09-20', 'Kıraat Dersi', 2),
(1057, 67, '2022-09-28', 'Mecelle', 2),
(1058, 88, '2022-09-28', 'Mecelle', 2),
(1059, 96, '2022-09-28', 'Mecelle', 2);

-- --------------------------------------------------------

--
-- Tablo için tablo yapısı `kullanici`
--

CREATE TABLE `kullanici` (
  `id` int(255) NOT NULL,
  `k_adi` varchar(255) COLLATE utf8_turkish_ci NOT NULL,
  `k_sifre` varchar(255) COLLATE utf8_turkish_ci NOT NULL,
  `ad` varchar(255) COLLATE utf8_turkish_ci NOT NULL,
  `soyad` varchar(255) COLLATE utf8_turkish_ci NOT NULL,
  `unvan` varchar(255) COLLATE utf8_turkish_ci NOT NULL,
  `yetki` int(255) DEFAULT 0,
  `mesul_grub` int(255) NOT NULL DEFAULT 0
) ENGINE=InnoDB DEFAULT CHARSET=utf8 COLLATE=utf8_turkish_ci;

--
-- Tablo döküm verisi `kullanici`
--

INSERT INTO `kullanici` (`id`, `k_adi`, `k_sifre`, `ad`, `soyad`, `unvan`, `yetki`, `mesul_grub`) VALUES
(1, '05541897255', '.201201.', 'Ubeydullah', 'DOĞAN', 'Developer', 3, 0),
(2, '05052858770', '145337', 'Ahmet', 'Kocabıyık', 'İdareci', 4, 0),
(4, '05454379800', '145334', 'Enes', 'Demirel', 'Kral', 0, 2),
(5, '05453437278', '1453', 'Ali', 'Arslan', 'Müzakereci', 0, 1),
(6, '05070029615', '1453', 'Alihan', 'Ay', 'Müzakereci', 0, 3),
(8, '05435885808', 'catalca1453', 'Tunahan', 'Yanık', 'Başkan', 1, 0),
(9, '05369430600', 'catalca12', 'Cahit', 'Tuncel', 'Ders Hocası', 2, 0),
(10, '05541613433', '33catalca', 'Mehmet', 'Tek', 'Ders Hocası', 2, 0),
(11, '05443772823', '46catalca1453', 'Fatih', 'Bal', 'Ders Hocası', 2, 0),
(12, '05357910505', '14tatakip53', 'Santral', 'Görevlisi', 'Santral', 5, 0),
(13, '05380447428', 'catalca34', 'Abdulmuttalip', 'Dokumuş', 'Başkan', 1, 0),
(14, '05314862639', '1453', 'İsmail', 'Toklu', 'Müzakereci', 0, 5),
(15, '05050395429', '1453', 'Fikri Süleyman', 'Gül', 'Müzakereci', 0, 4);

-- --------------------------------------------------------

--
-- Tablo için tablo yapısı `ogrenci`
--

CREATE TABLE `ogrenci` (
  `ogrenci_no` int(55) NOT NULL,
  `ad` varchar(254) COLLATE utf8_turkish_ci NOT NULL,
  `soyad` varchar(254) COLLATE utf8_turkish_ci NOT NULL,
  `grup` int(55) NOT NULL,
  `tel` varchar(55) COLLATE utf8_turkish_ci NOT NULL,
  `v_tel` varchar(55) COLLATE utf8_turkish_ci NOT NULL,
  `info` int(1) NOT NULL DEFAULT 0,
  `h_info` int(255) NOT NULL DEFAULT 0
) ENGINE=InnoDB DEFAULT CHARSET=utf8 COLLATE=utf8_turkish_ci;

--
-- Tablo döküm verisi `ogrenci`
--

INSERT INTO `ogrenci` (`ogrenci_no`, `ad`, `soyad`, `grup`, `tel`, `v_tel`, `info`, `h_info`) VALUES
(1, 'A Enes', 'Emekli', 4, '', '', 0, 1),
(2, 'Abdoulaye', 'Barry', 3, '', '', 0, 1),
(3, 'Abdullah Behlül', 'Saka', 2, '', '', 0, 1),
(4, 'Abdullah', 'Turan', 4, '', '', 0, 1),
(5, 'Abdullatif', 'Genç', 4, '', '', 0, 1),
(6, 'Abdullah', 'İnce', 5, '', '', 0, 1),
(7, 'Abdulmuttalip', 'Dokumuş', 1, '', '', 0, 0),
(9, 'Abdulbaki', 'Yıldırım', 2, '', '', 0, 0),
(10, 'Abdulkadir', 'Karadayı', 4, '', '', 0, 0),
(11, 'Abubakır', 'Mektepkhan', 1, '', '', 0, 0),
(12, 'Ahmet', 'Duman', 3, '', '', 0, 1),
(13, 'Ahmet Enes', 'Toprak', 1, '', '', 0, 0),
(14, 'Emre', 'Demirel', 4, '', '', 0, 0),
(15, 'Ahmet', 'Sarıel', 5, '', '', 0, 1),
(16, 'Ahmet Tunahan', 'Dinler', 5, '', '', 0, 0),
(17, 'Aibolat', 'Azat', 2, '', '', 0, 1),
(18, 'Aiybek', 'Abdullaev', 3, '', '', 0, 1),
(19, 'Ali', 'Acar', 5, '', '', 0, 1),
(20, 'Ali', 'İnce', 1, '', '', 0, 1),
(21, 'Ali Emre', 'Korkmaz', 1, '', '', 0, 1),
(22, 'Ali Haktan', 'Karakulak', 3, '', '', 0, 1),
(23, 'Alican', 'Yeşil', 5, '', '', 0, 0),
(24, 'Armalık', 'Salaıde', 4, '', '', 0, 1),
(25, 'Aşır', 'İnci', 5, '', '', 0, 1),
(26, 'Azad', 'Aksın', 5, '', '', 0, 0),
(27, 'Aziz Kaan', 'Temiz', 2, '', '', 0, 1),
(28, 'Batuhan', 'Çamsar', 3, '', '', 0, 1),
(29, 'Batuhan', 'Aygün', 5, '', '', 0, 0),
(30, 'Cengiz Emre', 'Türker', 1, '', '', 0, 1),
(31, 'Daırbek', 'Taırow', 5, '', '', 0, 1),
(32, 'Doğukan', 'Duymaz', 1, '', '', 0, 0),
(33, 'Enes', 'Derendeli', 4, '', '', 0, 1),
(34, 'Enes Melih', 'Aktaş', 1, '', '', 1, 0),
(35, 'Eren', 'Ovacık', 4, '', '', 0, 1),
(36, 'Fahrezı Yusron', 'Huda', 5, '', '', 0, 0),
(37, 'Fardi', 'Tursunov', 1, '', '', 0, 1),
(38, 'Fatih', 'Ayaz', 3, '', '', 0, 1),
(39, 'Ferhat Akın', 'Tarcan', 2, '', '', 0, 0),
(40, 'Furkan', 'Karaca', 5, '', '', 0, 1),
(41, 'Furkan', 'Aktunç', 2, '', '', 0, 1),
(42, 'Gabıtbek', 'Mutanov', 3, '', '', 0, 0),
(43, 'H Serdar', 'Tuna', 2, '', '', 0, 1),
(44, 'Halis', 'Yılmaz', 5, '', '', 0, 0),
(45, 'Hasan', 'Kültür', 2, '', '', 0, 1),
(46, 'Hasan', 'Bektaş', 1, '', '', 0, 0),
(47, 'Hasan Vehbi', 'Uysal', 4, '', '', 0, 1),
(48, 'Herıan', 'Syahputra', 4, '', '', 0, 1),
(49, 'Hüseyin', 'Özsoy', 3, '', '', 0, 1),
(50, 'Hüseyin Sadri', 'Tamyürek', 4, '', '', 0, 0),
(51, 'Ilham', 'Fauzı', 5, '', '', 0, 1),
(52, 'İrfan', 'Sökmen', 1, '', '', 0, 1),
(53, 'Kadir', 'Özbek', 4, '', '', 0, 1),
(54, 'Kamil', 'Alabaş', 5, '', '', 0, 1),
(55, 'Kazım', 'Aylaç', 3, '', '', 0, 0),
(56, 'Kazım', 'Kurtoğlu', 3, '', '', 0, 1),
(57, 'Kemal Emre', 'Şen', 3, '', '', 0, 1),
(58, 'Kerem', 'Öztürk', 3, '', '', 0, 0),
(59, 'Khoeruman', 'Khoerumano', 1, '', '', 0, 1),
(60, 'Kurmet', 'Eskendır', 2, '', '', 0, 0),
(61, 'Mahmut', 'Gürcistani', 4, '', '', 0, 0),
(62, 'Mamadou Hılmi', 'Diaby', 3, '', '', 0, 1),
(63, 'Mehmet Emin', 'Öz', 1, '', '', 0, 1),
(64, 'Mehmet Onur', 'Akar', 4, '', '', 0, 1),
(65, 'Miftah', 'Horrozi', 1, '', '', 0, 0),
(66, 'Muhammed Azraeı Bın', 'Azhar', 5, '', '', 0, 0),
(67, 'Muhammad Hanıf', 'Hıbatullah', 2, '', '', 0, 1),
(68, 'Muhammet Enes', 'Tunç', 5, '', '', 0, 1),
(69, 'Muahmmed Hamza', 'Uzun', 3, '', '', 0, 1),
(70, 'Munawan', 'Munawan', 4, '', '', 0, 1),
(71, 'Musa', 'Genç', 2, '', '', 0, 1),
(72, 'Mustafa', 'Lale', 1, '', '', 0, 1),
(73, 'Mücahit Enes', 'Altun', 1, '', '', 0, 1),
(74, 'Mücahit', 'Yoldaş', 2, '', '', 0, 0),
(75, 'Naurızbek', 'Byeysenbay', 5, '', '', 0, 1),
(76, 'Nazır', 'Nazır', 1, '', '', 0, 0),
(77, 'Osman', 'Hasan', 1, '', '', 0, 0),
(78, 'Osman Melih', 'Çalışkan', 3, '', '', 0, 1),
(79, 'Ömer', 'Baran', 2, '', '', 0, 1),
(80, 'Ömer Faruk', 'Karakuş', 4, '', '', 0, 1),
(81, 'Rıdvan Talha', 'Karlı', 1, '', '', 0, 1),
(82, 'Rıdwane', 'Kabore', 2, '', '', 0, 1),
(83, 'Ruchan Faruk', 'Canlı', 3, '', '', 0, 0),
(85, 'Sayfuddın', 'Kojabek', 2, '', '', 0, 1),
(86, 'Sayıd', 'Mufaqıh', 3, '', '', 0, 1),
(87, 'Serhat', 'Çevik', 2, '', '', 0, 0),
(88, 'Serksan', 'Memmedli', 3, '', '', 0, 1),
(89, 'Servet', 'Karais', 4, '', '', 0, 1),
(90, 'Syhnar', 'Gymynnur', 4, '', '', 0, 0),
(91, 'Suheyl', 'Babir', 5, '', '', 0, 0),
(92, 'Süleyman', 'Kula', 1, '', '', 0, 0),
(93, 'Şükrü', 'Sarıbaş', 5, '', '', 0, 0),
(94, 'Tunahan', 'Demirci', 2, '', '', 0, 1),
(95, 'Tunahan', 'Yanık', 2, '', '', 0, 0),
(96, 'Tunahan', 'Ünsal', 3, '', '', 1, 0),
(97, 'Veli ', 'Yürekli', 4, '', '', 0, 0),
(98, 'Vladislav', 'Korotkov', 2, '', '', 0, 0),
(99, 'Yunus', 'Demirel', 2, '', '', 0, 0),
(100, 'Yusuf', 'Çakırlıkaya', 5, '', '', 0, 1),
(101, 'Yusuf', 'Nadranahvice', 3, '', '', 0, 0),
(102, 'Zekeriya', 'Ebyeya', 4, '', '', 0, 0);

-- --------------------------------------------------------

--
-- Tablo için tablo yapısı `programlar`
--

CREATE TABLE `programlar` (
  `p_id` int(255) NOT NULL,
  `program_ad` varchar(255) COLLATE utf8_turkish_ci NOT NULL,
  `is_active` int(1) NOT NULL DEFAULT 1,
  `special` int(11) NOT NULL DEFAULT 0,
  `date` date DEFAULT '2022-07-25'
) ENGINE=InnoDB DEFAULT CHARSET=utf8 COLLATE=utf8_turkish_ci;

--
-- Tablo döküm verisi `programlar`
--

INSERT INTO `programlar` (`p_id`, `program_ad`, `is_active`, `special`, `date`) VALUES
(142, 'Rabıta', 1, 0, '2022-09-28'),
(143, 'Sabah Namazı', 1, 0, '2022-09-28'),
(144, 'Usul-1', 1, 0, '2022-09-23'),
(145, 'Mecelle', 1, 0, '2022-09-28'),
(146, 'Usul-2', 1, 0, '2022-09-23'),
(147, 'Şemsiye', 1, 0, '2022-09-24'),
(148, 'Müzakere-1', 1, 1, '2022-09-19'),
(149, 'Müzakere-2', 1, 0, '2022-07-25'),
(150, 'Yatsı Namazı', 1, 0, '2022-09-23'),
(151, 'Kıraat Dersi', 1, 0, '2022-09-24'),
(152, 'Mektubat-ı Şerife ', 1, 0, '2022-09-17'),
(153, 'Akşam Namazı', 1, 0, '2022-07-25');

--
-- Dökümü yapılmış tablolar için indeksler
--

--
-- Tablo için indeksler `carsi`
--
ALTER TABLE `carsi`
  ADD PRIMARY KEY (`id`);

--
-- Tablo için indeksler `geckalan`
--
ALTER TABLE `geckalan`
  ADD PRIMARY KEY (`id`),
  ADD KEY `ogrenci_no` (`ogrenci_no`) USING BTREE;

--
-- Tablo için indeksler `gelmeyen`
--
ALTER TABLE `gelmeyen`
  ADD PRIMARY KEY (`id`),
  ADD KEY `ogrenci_no` (`ogrenci_no`) USING BTREE;

--
-- Tablo için indeksler `history`
--
ALTER TABLE `history`
  ADD PRIMARY KEY (`id`);

--
-- Tablo için indeksler `hizmet`
--
ALTER TABLE `hizmet`
  ADD PRIMARY KEY (`id`);

--
-- Tablo için indeksler `izincarsi`
--
ALTER TABLE `izincarsi`
  ADD PRIMARY KEY (`id`);

--
-- Tablo için indeksler `izinhizmet`
--
ALTER TABLE `izinhizmet`
  ADD PRIMARY KEY (`id`);

--
-- Tablo için indeksler `izinli`
--
ALTER TABLE `izinli`
  ADD PRIMARY KEY (`id`),
  ADD KEY `ogrenci_no` (`ogrenci_no`) USING BTREE;

--
-- Tablo için indeksler `kullanici`
--
ALTER TABLE `kullanici`
  ADD PRIMARY KEY (`id`);

--
-- Tablo için indeksler `ogrenci`
--
ALTER TABLE `ogrenci`
  ADD PRIMARY KEY (`ogrenci_no`);

--
-- Tablo için indeksler `programlar`
--
ALTER TABLE `programlar`
  ADD PRIMARY KEY (`p_id`);

--
-- Dökümü yapılmış tablolar için AUTO_INCREMENT değeri
--

--
-- Tablo için AUTO_INCREMENT değeri `carsi`
--
ALTER TABLE `carsi`
  MODIFY `id` int(255) NOT NULL AUTO_INCREMENT, AUTO_INCREMENT=149;

--
-- Tablo için AUTO_INCREMENT değeri `geckalan`
--
ALTER TABLE `geckalan`
  MODIFY `id` int(255) NOT NULL AUTO_INCREMENT, AUTO_INCREMENT=2646;

--
-- Tablo için AUTO_INCREMENT değeri `gelmeyen`
--
ALTER TABLE `gelmeyen`
  MODIFY `id` int(255) NOT NULL AUTO_INCREMENT, AUTO_INCREMENT=4806;

--
-- Tablo için AUTO_INCREMENT değeri `history`
--
ALTER TABLE `history`
  MODIFY `id` int(11) NOT NULL AUTO_INCREMENT, AUTO_INCREMENT=120;

--
-- Tablo için AUTO_INCREMENT değeri `hizmet`
--
ALTER TABLE `hizmet`
  MODIFY `id` int(255) NOT NULL AUTO_INCREMENT, AUTO_INCREMENT=566;

--
-- Tablo için AUTO_INCREMENT değeri `izincarsi`
--
ALTER TABLE `izincarsi`
  MODIFY `id` int(255) NOT NULL AUTO_INCREMENT, AUTO_INCREMENT=116;

--
-- Tablo için AUTO_INCREMENT değeri `izinhizmet`
--
ALTER TABLE `izinhizmet`
  MODIFY `id` int(255) NOT NULL AUTO_INCREMENT, AUTO_INCREMENT=363;

--
-- Tablo için AUTO_INCREMENT değeri `izinli`
--
ALTER TABLE `izinli`
  MODIFY `id` int(255) NOT NULL AUTO_INCREMENT, AUTO_INCREMENT=1060;

--
-- Tablo için AUTO_INCREMENT değeri `kullanici`
--
ALTER TABLE `kullanici`
  MODIFY `id` int(255) NOT NULL AUTO_INCREMENT, AUTO_INCREMENT=16;

--
-- Tablo için AUTO_INCREMENT değeri `programlar`
--
ALTER TABLE `programlar`
  MODIFY `p_id` int(255) NOT NULL AUTO_INCREMENT, AUTO_INCREMENT=154;
COMMIT;

/*!40101 SET CHARACTER_SET_CLIENT=@OLD_CHARACTER_SET_CLIENT */;
/*!40101 SET CHARACTER_SET_RESULTS=@OLD_CHARACTER_SET_RESULTS */;
/*!40101 SET COLLATION_CONNECTION=@OLD_COLLATION_CONNECTION */;
